Type,ID,Address,Size
0,1,$cd:bfd0,1001
0,2,$cd:c3b9,731
0,3,$cd:c694,596
0,4,$cd:c8e8,2900
0,5,$cd:d43c,1388
0,6,$cd:d9a8,470
0,7,$cd:db7e,1082
0,8,$cd:dfb8,1073
0,9,$cd:e3e9,3107
0,10,$cd:f00c,2243
0,11,$cd:f8cf,1838
0,12,$cd:fffd,4214
0,14,$ce:1073,1145
0,15,$ce:14ec,1289
0,16,$ce:19f5,7490
0,17,$ce:3737,1118
0,18,$ce:3b95,1136
0,19,$ce:4005,569
0,20,$ce:423e,344
0,21,$ce:4396,461
0,22,$ce:4563,2531
0,32,$ce:4f46,74
0,64,$ce:4f90,281
0,65,$ce:50a9,209
0,66,$ce:517a,1514
0,67,$ce:5764,2459
0,68,$ce:60ff,884
0,69,$ce:6473,326
0,70,$ce:65b9,1469
0,75,$ce:6b76,713
0,76,$ce:6e3f,164
0,79,$ce:6ee3,1181
0,80,$ce:7380,983
0,81,$ce:7757,1568
0,82,$ce:7d77,1775
0,83,$ce:8466,1874
0,87,$ce:8bb8,299
0,89,$ce:8ce3,587
0,91,$ce:8f2e,164
0,104,$ce:8fd2,371
0,108,$ce:9145,596
0,109,$ce:9399,740
1,1,$ce:967d,12
1,2,$ce:9689,12
1,3,$ce:9695,12
1,4,$ce:96a1,12
1,5,$ce:96ad,12
1,6,$ce:96b9,12
1,7,$ce:96c5,12
1,8,$ce:96d1,12
1,9,$ce:96dd,12
1,10,$ce:96e9,12
1,11,$ce:96f5,12
1,12,$ce:9701,12
1,14,$ce:970d,12
1,15,$ce:9719,12
1,16,$ce:9725,12
1,17,$ce:9731,12
1,18,$ce:973d,12
1,19,$ce:9749,12
1,20,$ce:9755,12
1,21,$ce:9761,12
1,22,$ce:976d,12
1,23,$ce:9779,12
1,24,$ce:9785,12
1,25,$ce:9791,12
1,26,$ce:979d,12
1,27,$ce:97a9,12
1,28,$ce:97b5,12
1,29,$ce:97c1,12
1,31,$ce:97cd,12
1,32,$ce:97d9,12
1,33,$ce:97e5,12
1,34,$ce:97f1,12
1,35,$ce:97fd,12
1,36,$ce:9809,12
1,37,$ce:9815,12
1,38,$ce:9821,12
1,39,$ce:982d,12
1,40,$ce:9839,12
1,41,$ce:9845,12
1,42,$ce:9851,12
1,43,$ce:985d,12
1,44,$ce:9869,12
1,45,$ce:9875,12
1,46,$ce:9881,12
1,47,$ce:988d,12
1,48,$ce:9899,12
1,49,$ce:98a5,12
1,50,$ce:98b1,12
1,51,$ce:98bd,12
1,52,$ce:98c9,12
1,53,$ce:98d5,12
1,54,$ce:98e1,12
1,56,$ce:98ed,12
1,57,$ce:98f9,12
1,58,$ce:9905,12
1,59,$ce:9911,12
1,60,$ce:991d,12
1,62,$ce:9929,12
1,63,$ce:9935,12
1,64,$ce:9941,12
1,65,$ce:994d,12
1,66,$ce:9959,12
1,67,$ce:9965,12
1,68,$ce:9971,12
1,69,$ce:997d,12
1,70,$ce:9989,12
1,71,$ce:9995,12
1,72,$ce:99a1,12
1,73,$ce:99ad,12
1,74,$ce:99b9,12
1,75,$ce:99c5,12
1,76,$ce:99d1,12
1,77,$ce:99dd,12
1,79,$ce:99e9,12
1,80,$ce:99f5,12
1,81,$ce:9a01,12
1,82,$ce:9a0d,12
1,83,$ce:9a19,12
1,87,$ce:9a25,12
1,88,$ce:9a31,12
1,89,$ce:9a3d,12
1,90,$ce:9a49,12
1,91,$ce:9a55,12
1,92,$ce:9a61,12
1,93,$ce:9a6d,12
1,94,$ce:9a79,12
1,95,$ce:9a85,12
1,96,$ce:9a91,12
1,97,$ce:9a9d,12
1,98,$ce:9aa9,12
1,99,$ce:9ab5,12
1,100,$ce:9ac1,12
1,101,$ce:9acd,12
1,102,$ce:9ad9,12
1,103,$ce:9ae5,12
1,104,$ce:9af1,12
1,105,$ce:9afd,12
1,106,$ce:9b09,12
1,107,$ce:9b15,12
1,108,$ce:9b21,12
1,109,$ce:9b2d,12
1,110,$ce:9b39,12
1,111,$ce:9b45,12
1,112,$ce:9b51,12
1,113,$ce:9b5d,12
1,114,$ce:9b69,12
1,115,$ce:9b75,12
1,116,$ce:9b81,12
1,117,$ce:9b8d,12
1,118,$ce:9b99,12
1,119,$ce:9ba5,12
1,120,$ce:9bb1,12
1,121,$ce:9bbd,12
1,122,$ce:9bc9,12
1,123,$ce:9bd5,12
1,124,$ce:9be1,12
1,125,$ce:9bed,12
1,126,$ce:9bf9,12
3,1,$ce:9c05,10202
3,2,$ce:c3df,7590
3,3,$ce:e185,13141
3,4,$cf:14da,11289
3,5,$cf:40f3,10066
3,6,$cf:6845,706
3,7,$cf:6b07,573
3,8,$cf:6d44,762
3,9,$cf:703e,1030
3,10,$cf:7444,1037
3,11,$cf:7851,4615
3,12,$cf:8a58,787
3,13,$cf:8d6b,604
3,14,$cf:8fc7,815
3,15,$cf:92f6,772
3,16,$cf:95fa,795
3,17,$cf:9915,2938
3,18,$cf:a48f,8589
3,19,$cf:c61c,385
3,20,$cf:c79d,1710
3,21,$cf:ce4b,2375
3,128,$cf:d792,16
3,129,$cf:d7a2,16
3,130,$cf:d7b2,16
3,131,$cf:d7c2,21
3,132,$cf:d7d7,16
3,133,$cf:d7e7,70
3,134,$cf:d82d,82
3,135,$cf:d87f,16
3,136,$cf:d88f,16
3,137,$cf:d89f,49
3,138,$cf:d8d0,371
3,139,$cf:da43,16
3,140,$cf:da53,66
3,141,$cf:da95,16
3,142,$cf:daa5,144
3,144,$cf:db35,410
3,145,$cf:dccf,296
3,146,$cf:ddf7,21
3,147,$cf:de0c,21
3,148,$cf:de21,21
3,149,$cf:de36,31
3,150,$cf:de55,70
3,151,$cf:de9b,410
3,152,$cf:e035,296
3,153,$cf:e15d,44
3,154,$cf:e189,40
3,155,$cf:e1b1,49
3,156,$cf:e1e2,48
3,157,$cf:e212,21
3,158,$cf:e227,23
3,159,$cf:e23e,20
3,160,$cf:e252,211
3,161,$cf:e325,52
3,162,$cf:e359,33
3,163,$cf:e37a,38
3,164,$cf:e3a0,16
3,165,$cf:e3b0,38
3,166,$cf:e3d6,16
3,167,$cf:e3e6,41
3,168,$cf:e40f,228
3,169,$cf:e4f3,135
3,170,$cf:e57a,16
3,171,$cf:e58a,34
3,172,$cf:e5ac,16
3,173,$cf:e5bc,31
3,174,$cf:e5db,39
3,175,$cf:e602,39
3,176,$cf:e629,84
3,177,$cf:e67d,81
3,178,$cf:e6ce,122
3,179,$cf:e748,54
3,180,$cf:e77e,33
3,181,$cf:e79f,24
3,182,$cf:e7b7,33
3,183,$cf:e7d8,50
3,184,$cf:e80a,46
3,185,$cf:e838,26
3,186,$cf:e852,66
3,187,$cf:e894,21
3,188,$cf:e8a9,21
3,189,$cf:e8be,100
3,190,$cf:e922,26
3,191,$cf:e93c,29
3,192,$cf:e959,69
3,193,$cf:e99e,87
3,194,$cf:e9f5,92
3,195,$cf:ea51,24
3,196,$cf:ea69,28
3,197,$cf:ea85,85
3,198,$cf:eada,36
3,199,$cf:eafe,25
3,200,$cf:eb17,70
3,201,$cf:eb5d,123
3,202,$cf:ebd8,126
3,203,$cf:ec56,67
3,204,$cf:ec99,43
3,205,$cf:ecc4,24
3,206,$cf:ecdc,41
3,207,$cf:ed05,97
3,208,$cf:ed66,82
3,209,$cf:edb8,85
3,210,$cf:ee0d,78
3,211,$cf:ee5b,55
3,212,$cf:ee92,199
3,213,$cf:ef59,40
3,214,$cf:ef81,65
3,215,$cf:efc2,45
3,216,$cf:efef,56
3,217,$cf:f027,36
3,218,$cf:f04b,67
3,219,$cf:f08e,125
3,220,$cf:f10b,55
3,221,$cf:f142,181
3,222,$cf:f1f7,41
3,223,$cf:f220,123
3,224,$cf:f29b,126
3,225,$cf:f319,26
3,226,$cf:f333,29
3,227,$cf:f350,85
3,228,$cf:f3a5,194
3,229,$cf:f467,169
3,230,$cf:f510,46
3,231,$cf:f53e,16
3,232,$cf:f54e,16
3,233,$cf:f55e,16
3,234,$cf:f56e,16
3,235,$cf:f57e,16
3,236,$cf:f58e,16
3,237,$cf:f59e,16
3,238,$cf:f5ae,16
3,239,$cf:f5be,16
3,240,$cf:f5ce,16
3,241,$cf:f5de,16
3,242,$cf:f5ee,196
3,243,$cf:f6b2,82
3,244,$cf:f704,56
3,245,$cf:f73c,51
3,246,$cf:f76f,228
3,247,$cf:f853,86
3,248,$cf:f8a9,162
3,249,$cf:f94b,282
3,250,$cf:fa65,114
3,251,$cf:fad7,110
3,252,$cf:fb45,196
3,253,$cf:fc09,132
3,254,$cf:fc8d,8
4,0,$cf:fc95,173
4,1,$cf:fd42,75
4,2,$cf:fd8d,71
4,3,$cf:fdd4,67
4,4,$cf:fe17,79
4,5,$cf:fe66,69
4,6,$cf:feab,127
4,7,$cf:ff2a,7
